{"cameraMode":{"drawMode":0,"name":"Shaded","section":"Shading Mode"},"sceneLighting":true,"audioPlay":false,"sceneViewState":{"showFog":true,"showMaterialUpdate":true,"showSkybox":true,"showFlares":true,"showImageEffects":true,"showParticleSystems":true},"in2DMode":false,"pivot":{"x":0.28267383575439455,"y":-0.8131265640258789,"z":0.35486841201782229},"rotation":{"x":-0.10515449196100235,"y":0.8877281546592712,"z":-0.2517269253730774,"w":-0.37083277106285097},"size":7.479247570037842,"orthographic":false}