{"cameraMode":{"drawMode":0,"name":"Shaded","section":"Shading Mode"},"sceneLighting":true,"audioPlay":false,"sceneViewState":{"showFog":false,"showMaterialUpdate":false,"showSkybox":false,"showFlares":false,"showImageEffects":false,"showParticleSystems":false},"in2DMode":false,"pivot":{"x":-18.06846809387207,"y":-1.4795310497283936,"z":-3.0608558654785158},"rotation":{"x":-0.0437249019742012,"y":0.5521889925003052,"z":0.029015185311436654,"w":0.8320719003677368},"size":21.59075164794922,"orthographic":false}